DepotID,Product-Type-A,Product-Type-B,Product-Type-C
1,140,200,500
2,160,100,200
3,240,200,300
4,160,500,100
5,70,100,400
6,140,500,800
7,170,600,200
8,300,100,100
9,60,200,200
10,300,100,100
11,230,100,100
12,120,100,700
